Nazvanie;izobrojenie;sena
Сотовый телефон Apple iPhone 12 mini 64GB белый;https://www.kivano.kg//images/product/85067/1602753442_03293500.jpg;79980 сом
Сотовый телефон Apple iPhone 12 mini 64GB черный;https://www.kivano.kg//images/product/85068/1602753584_36025700.jpg;79980 сом
Сотовый телефон Apple iPhone 12 mini 64GB зеленый;https://www.kivano.kg//images/product/85069/1602753743_12628800.jpg;79980 сом
Сотовый телефон Apple iPhone 12 mini 64GB синий;https://www.kivano.kg//images/product/85070/1602754277_88018700.jpg;79980 сом
Сотовый телефон Apple iPhone 12 mini 64GB красный;https://www.kivano.kg//images/product/85071/1602754455_98875600.jpg;79980 сом
Сотовый телефон Apple iPhone 12 mini 128GB белый;https://www.kivano.kg//images/product/85072/1602756540_31165100.jpg;87530 сом
Сотовый телефон Apple iPhone 12 mini 128GB красный;https://www.kivano.kg//images/product/85074/1602756664_73328700.jpg;87530 сом
Сотовый телефон Apple iPhone 12 mini 128GB синий;https://www.kivano.kg//images/product/85078/1602756800_65993800.jpg;87530 сом
Сотовый телефон Apple iPhone 12 mini 128GB зеленый;https://www.kivano.kg//images/product/85080/1602756898_89339900.jpg;87530 сом
Сотовый телефон Apple iPhone 12 mini 128GB черный;https://www.kivano.kg//images/product/85082/1602756982_20506100.jpg;87530 сом
Сотовый телефон ASUS ZenFone 4 Selfie ZD553KL черный;https://www.kivano.kg//images/product/55686/55686.jpg;16050 сом
Сотовый телефон ASUS PadFone mini черный;https://www.kivano.kg//images/product/55687/55687.jpg;17720 сом
Сотовый телефон Apple iPhone 12 Pro Max 256GB графитовый;https://www.kivano.kg//images/product/85145/1602804151_77499200.jpg;155880 сом-5%148840 сом
Сотовый телефон Apple iPhone 12 Pro Max 256GB серебристый;https://www.kivano.kg//images/product/85146/1602804243_50272800.jpg;155880 сом-5%148840 сом
Сотовый телефон Apple iPhone 12 Pro Max 256GB синий;https://www.kivano.kg//images/product/85147/1602804337_30477900.jpg;155880 сом-5%148840 сом
Сотовый телефон Apple iPhone 12 Pro Max 256GB золотой;https://www.kivano.kg//images/product/85148/1602804437_06572500.jpg;155880 сом-5%148840 сом
Сотовый телефон Apple iPhone 12 Pro Max 512GB графитовый;https://www.kivano.kg//images/product/85149/1602804591_78894400.jpg;175060 сом
Сотовый телефон Apple iPhone 12 Pro Max 512GB серебристый;https://www.kivano.kg//images/product/85150/1602804703_07622200.jpg;175060 сом
Сотовый телефон Apple iPhone 12 Pro Max 512GB синий;https://www.kivano.kg//images/product/85151/1602804825_23366500.jpg;175060 сом
Сотовый телефон Apple iPhone 12 Pro Max 512GB золотой;https://www.kivano.kg//images/product/85152/1602804943_68520500.jpg;175060 сом
Сотовый телефон Samsung Galaxy A71 (2020) 128GB (SM-A715F/DS) голубой;https://www.kivano.kg//images/product/77056/1582525881_79253800.jpg;25050 сом-1%24790 сом
Сотовый телефон BRAVIS Light черный;https://www.kivano.kg//images/product/27136/27136.jpg;5180 сом
Сотовый телефон Samsung Galaxy A71 (2020) 128GB (SM-A715F/DS) серебристый;https://www.kivano.kg//images/product/77057/1582526561_18637600.jpg;25050 сом-1%24790 сом
Сотовый телефон Honor 8A Pro 3/64GB синий;https://www.kivano.kg//images/product/79617/1590065578_25776100.jpg;11590 сом
Сотовый телефон Philips S307 черный;https://www.kivano.kg//images/product/27137/27137.jpg;5770 сом
Сотовый телефон BRAVIS A552 Joy Max золотой;https://www.kivano.kg//images/product/40705/40705.jpg;7730 сом
Сотовый телефон Huawei P smart Z 4/64GB черный;https://www.kivano.kg//images/product/70402/70402.jpg;15280 сом
Сотовый телефон Honor 8A Pro 3/64GB черный;https://www.kivano.kg//images/product/79618/1590066034_84757100.jpg;11590 сом
Сотовый телефон BRAVIS A552 Joy Max серый;https://www.kivano.kg//images/product/40706/40706.jpg;7730 сом
Сотовый телефон BRAVIS Next черный;https://www.kivano.kg//images/product/27139/27139.jpg;6370 сом
Сотовый телефон OnePlus 8 Pro 12/256GB синий ультрамарин;https://www.kivano.kg//images/product/85765/1604911475_47327300.jpg;66390 сом
Сотовый телефон Samsung Galaxy S10 8/128GB (SM-G973F/DS) черный оникс;https://www.kivano.kg//images/product/66054/66054.jpg;41860 сом-2%40920 сом
Сотовый телефон Nokia 5310 (2020) Dual Sim черный;https://www.kivano.kg//images/product/85254/1603132115_66857000.jpg;4070 сом
Сотовый телефон BRAVIS Trend черный;https://www.kivano.kg//images/product/27142/27142.jpg;7730 сом
Сотовый телефон Samsung Galaxy S10 Plus 8/128GB (SM-G975F/DS) черный оникс;https://www.kivano.kg//images/product/66055/66055.jpg;51960 сом-10%46520 сом
Сотовый телефон Xiaomi Redmi Note 8 4/128Gb белый;https://www.kivano.kg//images/product/74247/1573491939_03043500.jpg;14860 сом
Сотовый телефон Nokia 5310 (2020) Dual Sim белый;https://www.kivano.kg//images/product/85255/1603132141_84330700.jpg;4070 сом
Сотовый телефон BRAVIS Trend белый;https://www.kivano.kg//images/product/27143/27143.jpg;7730 сом
Сотовый телефон Samsung Galaxy S10 8/128GB (SM-G973F/DS) аквамарин;https://www.kivano.kg//images/product/66056/66056.jpg;42190 сом-1%41860 сом
Сотовый телефон Philips Xenium E109 черный;https://www.kivano.kg//images/product/69896/69896.jpg;1950 сом
Сотовый телефон Xiaomi Redmi Note 8 4/128Gb синий;https://www.kivano.kg//images/product/74248/1573492383_95124500.jpg;14860 сом-7%13840 сом
Сотовый телефон Realme C3 3/64GB серый;https://www.kivano.kg//images/product/85256/1603134442_04104000.jpg;10950 сом-2%10780 сом
Сотовый телефон Samsung Galaxy S10 plus 8/128GB (SM-G975F/DS) аквамарин;https://www.kivano.kg//images/product/66057/66057.jpg;46520 сом
Сотовый телефон Xiaomi Redmi Note 8T 4/64Gb черный;https://www.kivano.kg//images/product/74249/1573499606_86250200.jpg;14350 сом-2%14010 сом
Сотовый телефон Realme C3 3/64GB голубой;https://www.kivano.kg//images/product/85257/1603134537_25368900.jpg;10950 сом-2%10780 сом
Сотовый телефон Samsung Galaxy S10 plus 8/128GB (SM-G975F/DS) перламутр;https://www.kivano.kg//images/product/66058/66058.jpg;46520 сом
Сотовый телефон Nokia 210 черный;https://www.kivano.kg//images/product/69898/69898.jpg;3400 сом
Сотовый телефон Xiaomi Redmi Note 8T 4/64Gb синий;https://www.kivano.kg//images/product/74250/1573499794_54790400.jpg;14350 сом-2%14010 сом
Сотовый телефон Realme C3 3/64GB красный;https://www.kivano.kg//images/product/85258/1603134653_07826100.jpg;10950 сом-2%10780 сом
Сотовый телефон Samsung Galaxy S10 8/128GB (SM-G973F/DS) перламутр;https://www.kivano.kg//images/product/66059/66059.jpg;42190 сом-1%41860 сом
Сотовый телефон Apple iPhone 12 64GB черный;https://www.kivano.kg//images/product/85003/1602711552_56049300.jpg;77430 сом
Сотовый телефон Realme 6 Pro 8/128GB красный;https://www.kivano.kg//images/product/85259/1603136216_51435300.jpg;21660 сом
Сотовый телефон Realme 6 Pro 8/128GB синий;https://www.kivano.kg//images/product/85260/1603136767_19159500.jpg;21660 сом
Сотовый телефон Apple iPhone 12 128GB черный;https://www.kivano.kg//images/product/85005/1602711824_97292800.jpg;82440 сом-2%80820 сом
Сотовый телефон Apple iPhone 12 256GB черный;https://www.kivano.kg//images/product/85006/1602711869_88662500.jpg;92800 сом-2%91100 сом
Сотовый телефон Philips Xenium V526 LTE синий;https://www.kivano.kg//images/product/27150/27150.jpg;17740 сом
Сотовый телефон Apple iPhone 12 64GB красный;https://www.kivano.kg//images/product/85008/1602712366_94500700.jpg;76590 сом
Сотовый телефон Apple iPhone 12 128GB красный;https://www.kivano.kg//images/product/85009/1602712555_32497700.jpg;82440 сом-2%80820 сом
Сотовый телефон Xiaomi Redmi Note 9 3/64GB черный;https://www.kivano.kg//images/product/85777/1604915401_27195700.jpg;13840 сом
Сотовый телефон Samsung Galaxy S9 128GB (SM-G960F) черный;https://www.kivano.kg//images/product/65554/65554.jpg;34210 сом-1%33970 сом
Сотовый телефон Xiaomi Redmi 7A 2/32GB синий;https://www.kivano.kg//images/product/70418/70418.jpg;8670 сом-2%8500 сом
Сотовый телефон Apple iPhone 12 256GB красный;https://www.kivano.kg//images/product/85010/1602712609_64128700.jpg;92800 сом-2%91100 сом
Сотовый телефон Xiaomi Mi Mix 2 6/64GB черный;https://www.kivano.kg//images/product/51218/51218.jpg;24620 сом
Сотовый телефон Samsung Galaxy S9 128GB (SM-G960F) золотой;https://www.kivano.kg//images/product/65555/65555.jpg;34210 сом-1%33970 сом
Сотовый телефон Apple iPhone 12 128GB синий;https://www.kivano.kg//images/product/85012/1602712803_58712000.jpg;82440 сом-2%80820 сом
Сотовый телефон Xiaomi Redmi Note 9 3/64GB (NFC) черный;https://www.kivano.kg//images/product/85780/1604915760_30845300.jpg;14010 сом
Сотовый телефон Apple iPhone 12 128GB зеленый;https://www.kivano.kg//images/product/85013/1602712965_00270200.jpg;82440 сом-2%80820 сом
Сотовый телефон Apple iPhone 12 128GB белый;https://www.kivano.kg//images/product/85014/1602713218_21147800.jpg;82440 сом-2%80820 сом
Сотовый телефон Apple iPhone 12 64GB белый;https://www.kivano.kg//images/product/85015/1602713414_32629100.jpg;77430 сом
Сотовый телефон Samsung Galaxy A21s 3/32GB (SM-A217F/DS) черный;https://www.kivano.kg//images/product/80408/1592382529_19204100.jpg;13500 сом-4%13000 сом
Сотовый телефон Apple iPhone 12 256GB белый;https://www.kivano.kg//images/product/85016/1602713550_49563500.jpg;92800 сом-2%91100 сом
Сотовый телефон Samsung Galaxy A21s 3/32GB (SM-A217F/DS) синий;https://www.kivano.kg//images/product/80409/1592382573_46478000.jpg;13410 сом
Сотовый телефон Apple iPhone 12 64GB синий;https://www.kivano.kg//images/product/85017/1602713778_37002600.jpg;77430 сом
Сотовый телефон Xiaomi Redmi Note 9 Pro 6/128GB серый;https://www.kivano.kg//images/product/79899/1591027059_60767600.jpg;21900 сом
Сотовый телефон Apple iPhone 12 256GB синий;https://www.kivano.kg//images/product/85019/1602713972_33816800.jpg;92800 сом-2%91100 сом
Сотовый телефон Nokia 230 Dual Sim белый;https://www.kivano.kg//images/product/42779/42779.jpg;4840 сом
Сотовый телефон Xiaomi Redmi Note 8 Pro 6/64GB зеленый;https://www.kivano.kg//images/product/73244/73244.jpg;15790 сом
Сотовый телефон Xiaomi Redmi Note 9 Pro 6/64GB серый;https://www.kivano.kg//images/product/79900/1591027258_00327200.jpg;18250 сом
Сотовый телефон Apple iPhone 12 64GB зеленый;https://www.kivano.kg//images/product/85020/1602714105_40301800.jpg;76590 сом
Сотовый телефон Xiaomi Redmi Note 8 Pro 6/128GB зеленый;https://www.kivano.kg//images/product/73245/73245.jpg;16990 сом
